--------------------------------------------------------
--  File created - Wednesday-January-12-2022   
--------------------------------------------------------
DROP TABLE "SYSTEM"."DONORLER";
DROP TABLE "SYSTEM"."KULLANICILAR";
DROP TABLE "SYSTEM"."STOK";
DROP TABLE "SYSTEM"."TALEPBILGI";
DROP TABLE "SYSTEM"."TALEPLER";
DROP TABLE "SYSTEM"."YONETICILER";
DROP TABLE "SYSTEM"."KULLANICILAR";
DROP TABLE "SYSTEM"."DONORLER";
DROP TABLE "SYSTEM"."STOK";
DROP TABLE "SYSTEM"."TALEPBILGI";
DROP TABLE "SYSTEM"."TALEPLER";
DROP TABLE "SYSTEM"."YONETICILER";
--------------------------------------------------------
--  DDL for Table DONORLER
--------------------------------------------------------

  CREATE TABLE "SYSTEM"."DONORLER" 
   (	"DONORNO" NUMBER(*,0), 
	"TCNO" VARCHAR2(11 BYTE), 
	"AD" VARCHAR2(30 BYTE), 
	"SOYAD" VARCHAR2(30 BYTE), 
	"DOGUMTARIHI" VARCHAR2(30 BYTE), 
	"CINSIYET" VARCHAR2(20 BYTE), 
	"CEPNO" VARCHAR2(18 BYTE), 
	"KANGRUBU" VARCHAR2(6 BYTE), 
	"EPOSTA" VARCHAR2(70 BYTE), 
	"SEHIR" VARCHAR2(50 BYTE), 
	"ILCE" VARCHAR2(50 BYTE), 
	"ADRES" VARCHAR2(200 BYTE)
   ) PCTFREE 10 PCTUSED 40 INITRANS 1 MAXTRANS 255 
 NOCOMPRESS LOGGING
  STORAGE(INITIAL 65536 NEXT 1048576 MINEXTENTS 1 MAXEXTENTS 2147483645
  PCTINCREASE 0 FREELISTS 1 FREELIST GROUPS 1
  BUFFER_POOL DEFAULT FLASH_CACHE DEFAULT CELL_FLASH_CACHE DEFAULT)
  TABLESPACE "SYSTEM" ;
--------------------------------------------------------
--  DDL for Table KULLANICILAR
--------------------------------------------------------

  CREATE TABLE "SYSTEM"."KULLANICILAR" 
   (	"TCNO" VARCHAR2(11 BYTE), 
	"AD" VARCHAR2(20 BYTE), 
	"SOYAD" VARCHAR2(25 BYTE), 
	"DOGUMTARIHI" VARCHAR2(20 BYTE), 
	"CINSIYET" VARCHAR2(6 BYTE), 
	"CEPNO" VARCHAR2(11 BYTE), 
	"EPOSTA" VARCHAR2(100 BYTE), 
	"SIFRE" VARCHAR2(100 BYTE), 
	"ISYERIADI" VARCHAR2(50 BYTE), 
	"SEHIR" VARCHAR2(20 BYTE), 
	"ILCE" VARCHAR2(30 BYTE), 
	"ADRES" VARCHAR2(250 BYTE)
   ) PCTFREE 10 PCTUSED 40 INITRANS 1 MAXTRANS 255 
 NOCOMPRESS LOGGING
  STORAGE(INITIAL 65536 NEXT 1048576 MINEXTENTS 1 MAXEXTENTS 2147483645
  PCTINCREASE 0 FREELISTS 1 FREELIST GROUPS 1
  BUFFER_POOL DEFAULT FLASH_CACHE DEFAULT CELL_FLASH_CACHE DEFAULT)
  TABLESPACE "SYSTEM" ;
--------------------------------------------------------
--  DDL for Table STOK
--------------------------------------------------------

  CREATE TABLE "SYSTEM"."STOK" 
   (	"ID" NUMBER GENERATED ALWAYS AS IDENTITY MINVALUE 1 MAXVALUE 9999999999999999999999999999 INCREMENT BY 1 START WITH 1 CACHE 20 NOORDER  NOCYCLE  NOKEEP  NOSCALE , 
	"KANGRUBU" VARCHAR2(10 BYTE), 
	"UNITE" NUMBER(*,0)
   ) PCTFREE 10 PCTUSED 40 INITRANS 1 MAXTRANS 255 
 NOCOMPRESS LOGGING
  STORAGE(INITIAL 65536 NEXT 1048576 MINEXTENTS 1 MAXEXTENTS 2147483645
  PCTINCREASE 0 FREELISTS 1 FREELIST GROUPS 1
  BUFFER_POOL DEFAULT FLASH_CACHE DEFAULT CELL_FLASH_CACHE DEFAULT)
  TABLESPACE "SYSTEM" ;
--------------------------------------------------------
--  DDL for Table TALEPBILGI
--------------------------------------------------------

  CREATE TABLE "SYSTEM"."TALEPBILGI" 
   (	"TALEPNO" NUMBER(*,0), 
	"TCNO" VARCHAR2(11 BYTE), 
	"ACIKLAMA" VARCHAR2(250 BYTE), 
	"TARIH" VARCHAR2(30 BYTE), 
	"DURUM" VARCHAR2(20 BYTE), 
	"ONAY" VARCHAR2(15 BYTE), 
	"CEVAPTARIHI" VARCHAR2(25 BYTE)
   ) PCTFREE 10 PCTUSED 40 INITRANS 1 MAXTRANS 255 
 NOCOMPRESS LOGGING
  STORAGE(INITIAL 65536 NEXT 1048576 MINEXTENTS 1 MAXEXTENTS 2147483645
  PCTINCREASE 0 FREELISTS 1 FREELIST GROUPS 1
  BUFFER_POOL DEFAULT FLASH_CACHE DEFAULT CELL_FLASH_CACHE DEFAULT)
  TABLESPACE "SYSTEM" ;
--------------------------------------------------------
--  DDL for Table TALEPLER
--------------------------------------------------------

  CREATE TABLE "SYSTEM"."TALEPLER" 
   (	"TALEPNO" NUMBER(*,0), 
	"KANGRUBU" VARCHAR2(6 BYTE), 
	"STOK" NUMBER(*,0)
   ) PCTFREE 10 PCTUSED 40 INITRANS 1 MAXTRANS 255 
 NOCOMPRESS LOGGING
  STORAGE(INITIAL 65536 NEXT 1048576 MINEXTENTS 1 MAXEXTENTS 2147483645
  PCTINCREASE 0 FREELISTS 1 FREELIST GROUPS 1
  BUFFER_POOL DEFAULT FLASH_CACHE DEFAULT CELL_FLASH_CACHE DEFAULT)
  TABLESPACE "SYSTEM" ;
--------------------------------------------------------
--  DDL for Table YONETICILER
--------------------------------------------------------

  CREATE TABLE "SYSTEM"."YONETICILER" 
   (	"TCNO" VARCHAR2(11 BYTE), 
	"AD" VARCHAR2(20 BYTE), 
	"SOYAD" VARCHAR2(25 BYTE), 
	"KULLANICIADI" VARCHAR2(50 BYTE), 
	"SIFRE" VARCHAR2(50 BYTE)
   ) PCTFREE 10 PCTUSED 40 INITRANS 1 MAXTRANS 255 
 NOCOMPRESS LOGGING
  STORAGE(INITIAL 65536 NEXT 1048576 MINEXTENTS 1 MAXEXTENTS 2147483645
  PCTINCREASE 0 FREELISTS 1 FREELIST GROUPS 1
  BUFFER_POOL DEFAULT FLASH_CACHE DEFAULT CELL_FLASH_CACHE DEFAULT)
  TABLESPACE "SYSTEM" ;
--------------------------------------------------------
--  DDL for Table KULLANICILAR
--------------------------------------------------------

  CREATE TABLE "SYSTEM"."KULLANICILAR" 
   (	"TCNO" VARCHAR2(11 BYTE), 
	"AD" VARCHAR2(20 BYTE), 
	"SOYAD" VARCHAR2(25 BYTE), 
	"DOGUMTARIHI" VARCHAR2(20 BYTE), 
	"CINSIYET" VARCHAR2(6 BYTE), 
	"CEPNO" VARCHAR2(11 BYTE), 
	"EPOSTA" VARCHAR2(100 BYTE), 
	"SIFRE" VARCHAR2(100 BYTE), 
	"ISYERIADI" VARCHAR2(50 BYTE), 
	"SEHIR" VARCHAR2(20 BYTE), 
	"ILCE" VARCHAR2(30 BYTE), 
	"ADRES" VARCHAR2(250 BYTE)
   ) PCTFREE 10 PCTUSED 40 INITRANS 1 MAXTRANS 255 
 NOCOMPRESS LOGGING
  STORAGE(INITIAL 65536 NEXT 1048576 MINEXTENTS 1 MAXEXTENTS 2147483645
  PCTINCREASE 0 FREELISTS 1 FREELIST GROUPS 1
  BUFFER_POOL DEFAULT FLASH_CACHE DEFAULT CELL_FLASH_CACHE DEFAULT)
  TABLESPACE "SYSTEM" ;
--------------------------------------------------------
--  DDL for Table DONORLER
--------------------------------------------------------

  CREATE TABLE "SYSTEM"."DONORLER" 
   (	"DONORNO" NUMBER(*,0), 
	"TCNO" VARCHAR2(11 BYTE), 
	"AD" VARCHAR2(30 BYTE), 
	"SOYAD" VARCHAR2(30 BYTE), 
	"DOGUMTARIHI" VARCHAR2(30 BYTE), 
	"CINSIYET" VARCHAR2(20 BYTE), 
	"CEPNO" VARCHAR2(18 BYTE), 
	"KANGRUBU" VARCHAR2(6 BYTE), 
	"EPOSTA" VARCHAR2(70 BYTE), 
	"SEHIR" VARCHAR2(50 BYTE), 
	"ILCE" VARCHAR2(50 BYTE), 
	"ADRES" VARCHAR2(200 BYTE)
   ) PCTFREE 10 PCTUSED 40 INITRANS 1 MAXTRANS 255 
 NOCOMPRESS LOGGING
  STORAGE(INITIAL 65536 NEXT 1048576 MINEXTENTS 1 MAXEXTENTS 2147483645
  PCTINCREASE 0 FREELISTS 1 FREELIST GROUPS 1
  BUFFER_POOL DEFAULT FLASH_CACHE DEFAULT CELL_FLASH_CACHE DEFAULT)
  TABLESPACE "SYSTEM" ;
--------------------------------------------------------
--  DDL for Table STOK
--------------------------------------------------------

  CREATE TABLE "SYSTEM"."STOK" 
   (	"ID" NUMBER GENERATED ALWAYS AS IDENTITY MINVALUE 1 MAXVALUE 9999999999999999999999999999 INCREMENT BY 1 START WITH 1 CACHE 20 NOORDER  NOCYCLE  NOKEEP  NOSCALE , 
	"KANGRUBU" VARCHAR2(10 BYTE), 
	"UNITE" NUMBER(*,0)
   ) PCTFREE 10 PCTUSED 40 INITRANS 1 MAXTRANS 255 
 NOCOMPRESS LOGGING
  STORAGE(INITIAL 65536 NEXT 1048576 MINEXTENTS 1 MAXEXTENTS 2147483645
  PCTINCREASE 0 FREELISTS 1 FREELIST GROUPS 1
  BUFFER_POOL DEFAULT FLASH_CACHE DEFAULT CELL_FLASH_CACHE DEFAULT)
  TABLESPACE "SYSTEM" ;
--------------------------------------------------------
--  DDL for Table TALEPBILGI
--------------------------------------------------------

  CREATE TABLE "SYSTEM"."TALEPBILGI" 
   (	"TALEPNO" NUMBER(*,0), 
	"TCNO" VARCHAR2(11 BYTE), 
	"ACIKLAMA" VARCHAR2(250 BYTE), 
	"TARIH" VARCHAR2(30 BYTE), 
	"DURUM" VARCHAR2(20 BYTE), 
	"ONAY" VARCHAR2(15 BYTE), 
	"CEVAPTARIHI" VARCHAR2(25 BYTE)
   ) PCTFREE 10 PCTUSED 40 INITRANS 1 MAXTRANS 255 
 NOCOMPRESS LOGGING
  STORAGE(INITIAL 65536 NEXT 1048576 MINEXTENTS 1 MAXEXTENTS 2147483645
  PCTINCREASE 0 FREELISTS 1 FREELIST GROUPS 1
  BUFFER_POOL DEFAULT FLASH_CACHE DEFAULT CELL_FLASH_CACHE DEFAULT)
  TABLESPACE "SYSTEM" ;
--------------------------------------------------------
--  DDL for Table TALEPLER
--------------------------------------------------------

  CREATE TABLE "SYSTEM"."TALEPLER" 
   (	"TALEPNO" NUMBER(*,0), 
	"KANGRUBU" VARCHAR2(6 BYTE), 
	"STOK" NUMBER(*,0)
   ) PCTFREE 10 PCTUSED 40 INITRANS 1 MAXTRANS 255 
 NOCOMPRESS LOGGING
  STORAGE(INITIAL 65536 NEXT 1048576 MINEXTENTS 1 MAXEXTENTS 2147483645
  PCTINCREASE 0 FREELISTS 1 FREELIST GROUPS 1
  BUFFER_POOL DEFAULT FLASH_CACHE DEFAULT CELL_FLASH_CACHE DEFAULT)
  TABLESPACE "SYSTEM" ;
--------------------------------------------------------
--  DDL for Table YONETICILER
--------------------------------------------------------

  CREATE TABLE "SYSTEM"."YONETICILER" 
   (	"TCNO" VARCHAR2(11 BYTE), 
	"AD" VARCHAR2(20 BYTE), 
	"SOYAD" VARCHAR2(25 BYTE), 
	"KULLANICIADI" VARCHAR2(50 BYTE), 
	"SIFRE" VARCHAR2(50 BYTE)
   ) PCTFREE 10 PCTUSED 40 INITRANS 1 MAXTRANS 255 
 NOCOMPRESS LOGGING
  STORAGE(INITIAL 65536 NEXT 1048576 MINEXTENTS 1 MAXEXTENTS 2147483645
  PCTINCREASE 0 FREELISTS 1 FREELIST GROUPS 1
  BUFFER_POOL DEFAULT FLASH_CACHE DEFAULT CELL_FLASH_CACHE DEFAULT)
  TABLESPACE "SYSTEM" ;
REM INSERTING into SYSTEM.DONORLER
SET DEFINE OFF;
Insert into SYSTEM.DONORLER (DONORNO,TCNO,AD,SOYAD,DOGUMTARIHI,CINSIYET,CEPNO,KANGRUBU,EPOSTA,SEHIR,ILCE,ADRES) values (1,'58475458376','Mehmet','?im?ek','01/01/1980','Erkek','5483202056','A+','m.simsek@gmail.com','Ankara','Çankaya','Hilal, Hollanda Cd. No:7, 06450 Çankaya/Ankara');
Insert into SYSTEM.DONORLER (DONORNO,TCNO,AD,SOYAD,DOGUMTARIHI,CINSIYET,CEPNO,KANGRUBU,EPOSTA,SEHIR,ILCE,ADRES) values (2,'37273532518','Canan','Y?ld?z','01/01/1995','Kad?n','5054793450','O+','c_yildiz@gmail.com','Ordu','Çama?','Ta?oluk Mahallesi Bacanakpazar? No:2 Çama?/ORDU');
Insert into SYSTEM.DONORLER (DONORNO,TCNO,AD,SOYAD,DOGUMTARIHI,CINSIYET,CEPNO,KANGRUBU,EPOSTA,SEHIR,ILCE,ADRES) values (3,'18775260512','Aziz','Kurt','14/05/1993','Erkek','5393514743','AB-','azzz.13@hotmail.com','Ankara','Yenimahalle','?vedik Caddesi No: 25 Yenimahalle / ANKARA');
REM INSERTING into SYSTEM.KULLANICILAR
SET DEFINE OFF;
Insert into SYSTEM.KULLANICILAR (TCNO,AD,SOYAD,DOGUMTARIHI,CINSIYET,CEPNO,EPOSTA,SIFRE,ISYERIADI,SEHIR,ILCE,ADRES) values ('61352598324','Esra','Kaya','08/01/1992','Kad?n','5526955110','hastane92@gazi.edu.tr','1234','Gazi Hastanesi','Ankara','Yenimahalle','Emniyet Mahallesi, Mevlana Bulvar?, No:29, 06560, Yenimahalle/ANKARA');
Insert into SYSTEM.KULLANICILAR (TCNO,AD,SOYAD,DOGUMTARIHI,CINSIYET,CEPNO,EPOSTA,SIFRE,ISYERIADI,SEHIR,ILCE,ADRES) values ('36342151476','Murat','Gümü?','16/10/1986','Erkek','5451220325','hastane96@hacettepe.edu.tr','1234','Hacettepe Hastanesi','Ankara','Alt?nda?','Hacettepe Mh. 06230 Ankara Türkiye');
REM INSERTING into SYSTEM.STOK
SET DEFINE OFF;
Insert into SYSTEM.STOK (ID,KANGRUBU,UNITE) values (1,'A+',10);
Insert into SYSTEM.STOK (ID,KANGRUBU,UNITE) values (2,'B+',11);
Insert into SYSTEM.STOK (ID,KANGRUBU,UNITE) values (3,'AB+',6);
Insert into SYSTEM.STOK (ID,KANGRUBU,UNITE) values (4,'O+',11);
Insert into SYSTEM.STOK (ID,KANGRUBU,UNITE) values (5,'A-',9);
Insert into SYSTEM.STOK (ID,KANGRUBU,UNITE) values (6,'B-',14);
Insert into SYSTEM.STOK (ID,KANGRUBU,UNITE) values (7,'AB-',10);
Insert into SYSTEM.STOK (ID,KANGRUBU,UNITE) values (8,'O-',12);
REM INSERTING into SYSTEM.TALEPBILGI
SET DEFINE OFF;
Insert into SYSTEM.TALEPBILGI (TALEPNO,TCNO,ACIKLAMA,TARIH,DURUM,ONAY,CEVAPTARIHI) values (1,'61352598324','Ameliyathaneye al?nacak hasta var. Çabucak talebin gerçekle?mesi laz?m','10/01/2022','Çok Acil','Onayland?','12/01/2022');
Insert into SYSTEM.TALEPBILGI (TALEPNO,TCNO,ACIKLAMA,TARIH,DURUM,ONAY,CEVAPTARIHI) values (3,'36342151476','Hastan?n durumu kritik, acil kan laz?m','12/01/2022','Çok Acil','Onayland?','12/01/2022');
Insert into SYSTEM.TALEPBILGI (TALEPNO,TCNO,ACIKLAMA,TARIH,DURUM,ONAY,CEVAPTARIHI) values (2,'61352598324','Stoklar?m?z azalmaktad?r.','12/01/2022','Normal','Onayland?','12/01/2022');
REM INSERTING into SYSTEM.TALEPLER
SET DEFINE OFF;
Insert into SYSTEM.TALEPLER (TALEPNO,KANGRUBU,STOK) values (1,'A+',5);
Insert into SYSTEM.TALEPLER (TALEPNO,KANGRUBU,STOK) values (3,'O+',10);
Insert into SYSTEM.TALEPLER (TALEPNO,KANGRUBU,STOK) values (2,'A+',1);
Insert into SYSTEM.TALEPLER (TALEPNO,KANGRUBU,STOK) values (2,'O-',1);
REM INSERTING into SYSTEM.YONETICILER
SET DEFINE OFF;
Insert into SYSTEM.YONETICILER (TCNO,AD,SOYAD,KULLANICIADI,SIFRE) values ('23734640144','Yasemin','Karakaya','admin99','1234');
Insert into SYSTEM.YONETICILER (TCNO,AD,SOYAD,KULLANICIADI,SIFRE) values ('90326166238','Veli','Konuk','admin','1234');
--------------------------------------------------------
--  DDL for Index SYS_C008281
--------------------------------------------------------

  CREATE UNIQUE INDEX "SYSTEM"."SYS_C008281" ON "SYSTEM"."DONORLER" ("DONORNO") 
  PCTFREE 10 INITRANS 2 MAXTRANS 255 COMPUTE STATISTICS 
  STORAGE(INITIAL 65536 NEXT 1048576 MINEXTENTS 1 MAXEXTENTS 2147483645
  PCTINCREASE 0 FREELISTS 1 FREELIST GROUPS 1
  BUFFER_POOL DEFAULT FLASH_CACHE DEFAULT CELL_FLASH_CACHE DEFAULT)
  TABLESPACE "SYSTEM" ;
--------------------------------------------------------
--  DDL for Index YONETICI_PK
--------------------------------------------------------

  CREATE UNIQUE INDEX "SYSTEM"."YONETICI_PK" ON "SYSTEM"."KULLANICILAR" ("TCNO") 
  PCTFREE 10 INITRANS 2 MAXTRANS 255 COMPUTE STATISTICS 
  STORAGE(INITIAL 65536 NEXT 1048576 MINEXTENTS 1 MAXEXTENTS 2147483645
  PCTINCREASE 0 FREELISTS 1 FREELIST GROUPS 1
  BUFFER_POOL DEFAULT FLASH_CACHE DEFAULT CELL_FLASH_CACHE DEFAULT)
  TABLESPACE "SYSTEM" ;
--------------------------------------------------------
--  DDL for Index SYS_C008296
--------------------------------------------------------

  CREATE UNIQUE INDEX "SYSTEM"."SYS_C008296" ON "SYSTEM"."KULLANICILAR" ("EPOSTA") 
  PCTFREE 10 INITRANS 2 MAXTRANS 255 COMPUTE STATISTICS 
  STORAGE(INITIAL 65536 NEXT 1048576 MINEXTENTS 1 MAXEXTENTS 2147483645
  PCTINCREASE 0 FREELISTS 1 FREELIST GROUPS 1
  BUFFER_POOL DEFAULT FLASH_CACHE DEFAULT CELL_FLASH_CACHE DEFAULT)
  TABLESPACE "SYSTEM" ;
--------------------------------------------------------
--  DDL for Index SYS_C008289
--------------------------------------------------------

  CREATE UNIQUE INDEX "SYSTEM"."SYS_C008289" ON "SYSTEM"."STOK" ("ID") 
  PCTFREE 10 INITRANS 2 MAXTRANS 255 COMPUTE STATISTICS 
  STORAGE(INITIAL 65536 NEXT 1048576 MINEXTENTS 1 MAXEXTENTS 2147483645
  PCTINCREASE 0 FREELISTS 1 FREELIST GROUPS 1
  BUFFER_POOL DEFAULT FLASH_CACHE DEFAULT CELL_FLASH_CACHE DEFAULT)
  TABLESPACE "SYSTEM" ;
--------------------------------------------------------
--  DDL for Index TALEPBILGI_PK
--------------------------------------------------------

  CREATE UNIQUE INDEX "SYSTEM"."TALEPBILGI_PK" ON "SYSTEM"."TALEPBILGI" ("TALEPNO") 
  PCTFREE 10 INITRANS 2 MAXTRANS 255 COMPUTE STATISTICS 
  STORAGE(INITIAL 65536 NEXT 1048576 MINEXTENTS 1 MAXEXTENTS 2147483645
  PCTINCREASE 0 FREELISTS 1 FREELIST GROUPS 1
  BUFFER_POOL DEFAULT FLASH_CACHE DEFAULT CELL_FLASH_CACHE DEFAULT)
  TABLESPACE "SYSTEM" ;
--------------------------------------------------------
--  DDL for Index TALEPLER_PK
--------------------------------------------------------

  CREATE UNIQUE INDEX "SYSTEM"."TALEPLER_PK" ON "SYSTEM"."TALEPLER" ("TALEPNO", "KANGRUBU") 
  PCTFREE 10 INITRANS 2 MAXTRANS 255 COMPUTE STATISTICS 
  STORAGE(INITIAL 65536 NEXT 1048576 MINEXTENTS 1 MAXEXTENTS 2147483645
  PCTINCREASE 0 FREELISTS 1 FREELIST GROUPS 1
  BUFFER_POOL DEFAULT FLASH_CACHE DEFAULT CELL_FLASH_CACHE DEFAULT)
  TABLESPACE "SYSTEM" ;
--------------------------------------------------------
--  DDL for Index SYS_C008290
--------------------------------------------------------

  CREATE UNIQUE INDEX "SYSTEM"."SYS_C008290" ON "SYSTEM"."YONETICILER" ("TCNO") 
  PCTFREE 10 INITRANS 2 MAXTRANS 255 COMPUTE STATISTICS 
  STORAGE(INITIAL 65536 NEXT 1048576 MINEXTENTS 1 MAXEXTENTS 2147483645
  PCTINCREASE 0 FREELISTS 1 FREELIST GROUPS 1
  BUFFER_POOL DEFAULT FLASH_CACHE DEFAULT CELL_FLASH_CACHE DEFAULT)
  TABLESPACE "SYSTEM" ;
--------------------------------------------------------
--  Constraints for Table DONORLER
--------------------------------------------------------

  ALTER TABLE "SYSTEM"."DONORLER" MODIFY ("TCNO" NOT NULL ENABLE);
  ALTER TABLE "SYSTEM"."DONORLER" MODIFY ("CEPNO" NOT NULL ENABLE);
  ALTER TABLE "SYSTEM"."DONORLER" MODIFY ("KANGRUBU" NOT NULL ENABLE);
  ALTER TABLE "SYSTEM"."DONORLER" MODIFY ("ADRES" NOT NULL ENABLE);
  ALTER TABLE "SYSTEM"."DONORLER" ADD PRIMARY KEY ("DONORNO")
  USING INDEX PCTFREE 10 INITRANS 2 MAXTRANS 255 COMPUTE STATISTICS 
  STORAGE(INITIAL 65536 NEXT 1048576 MINEXTENTS 1 MAXEXTENTS 2147483645
  PCTINCREASE 0 FREELISTS 1 FREELIST GROUPS 1
  BUFFER_POOL DEFAULT FLASH_CACHE DEFAULT CELL_FLASH_CACHE DEFAULT)
  TABLESPACE "SYSTEM"  ENABLE;
--------------------------------------------------------
--  Constraints for Table KULLANICILAR
--------------------------------------------------------

  ALTER TABLE "SYSTEM"."KULLANICILAR" MODIFY ("EPOSTA" NOT NULL ENABLE);
  ALTER TABLE "SYSTEM"."KULLANICILAR" ADD CONSTRAINT "YONETICI_PK" PRIMARY KEY ("TCNO")
  USING INDEX PCTFREE 10 INITRANS 2 MAXTRANS 255 COMPUTE STATISTICS 
  STORAGE(INITIAL 65536 NEXT 1048576 MINEXTENTS 1 MAXEXTENTS 2147483645
  PCTINCREASE 0 FREELISTS 1 FREELIST GROUPS 1
  BUFFER_POOL DEFAULT FLASH_CACHE DEFAULT CELL_FLASH_CACHE DEFAULT)
  TABLESPACE "SYSTEM"  ENABLE;
  ALTER TABLE "SYSTEM"."KULLANICILAR" ADD UNIQUE ("EPOSTA")
  USING INDEX PCTFREE 10 INITRANS 2 MAXTRANS 255 COMPUTE STATISTICS 
  STORAGE(INITIAL 65536 NEXT 1048576 MINEXTENTS 1 MAXEXTENTS 2147483645
  PCTINCREASE 0 FREELISTS 1 FREELIST GROUPS 1
  BUFFER_POOL DEFAULT FLASH_CACHE DEFAULT CELL_FLASH_CACHE DEFAULT)
  TABLESPACE "SYSTEM"  ENABLE;
--------------------------------------------------------
--  Constraints for Table STOK
--------------------------------------------------------

  ALTER TABLE "SYSTEM"."STOK" MODIFY ("ID" NOT NULL ENABLE);
  ALTER TABLE "SYSTEM"."STOK" ADD PRIMARY KEY ("ID")
  USING INDEX PCTFREE 10 INITRANS 2 MAXTRANS 255 COMPUTE STATISTICS 
  STORAGE(INITIAL 65536 NEXT 1048576 MINEXTENTS 1 MAXEXTENTS 2147483645
  PCTINCREASE 0 FREELISTS 1 FREELIST GROUPS 1
  BUFFER_POOL DEFAULT FLASH_CACHE DEFAULT CELL_FLASH_CACHE DEFAULT)
  TABLESPACE "SYSTEM"  ENABLE;
--------------------------------------------------------
--  Constraints for Table TALEPBILGI
--------------------------------------------------------

  ALTER TABLE "SYSTEM"."TALEPBILGI" ADD CONSTRAINT "TALEPBILGI_PK" PRIMARY KEY ("TALEPNO")
  USING INDEX PCTFREE 10 INITRANS 2 MAXTRANS 255 COMPUTE STATISTICS 
  STORAGE(INITIAL 65536 NEXT 1048576 MINEXTENTS 1 MAXEXTENTS 2147483645
  PCTINCREASE 0 FREELISTS 1 FREELIST GROUPS 1
  BUFFER_POOL DEFAULT FLASH_CACHE DEFAULT CELL_FLASH_CACHE DEFAULT)
  TABLESPACE "SYSTEM"  ENABLE;
--------------------------------------------------------
--  Constraints for Table TALEPLER
--------------------------------------------------------

  ALTER TABLE "SYSTEM"."TALEPLER" ADD CONSTRAINT "TALEPLER_PK" PRIMARY KEY ("TALEPNO", "KANGRUBU")
  USING INDEX PCTFREE 10 INITRANS 2 MAXTRANS 255 COMPUTE STATISTICS 
  STORAGE(INITIAL 65536 NEXT 1048576 MINEXTENTS 1 MAXEXTENTS 2147483645
  PCTINCREASE 0 FREELISTS 1 FREELIST GROUPS 1
  BUFFER_POOL DEFAULT FLASH_CACHE DEFAULT CELL_FLASH_CACHE DEFAULT)
  TABLESPACE "SYSTEM"  ENABLE;
--------------------------------------------------------
--  Constraints for Table YONETICILER
--------------------------------------------------------

  ALTER TABLE "SYSTEM"."YONETICILER" ADD PRIMARY KEY ("TCNO")
  USING INDEX PCTFREE 10 INITRANS 2 MAXTRANS 255 COMPUTE STATISTICS 
  STORAGE(INITIAL 65536 NEXT 1048576 MINEXTENTS 1 MAXEXTENTS 2147483645
  PCTINCREASE 0 FREELISTS 1 FREELIST GROUPS 1
  BUFFER_POOL DEFAULT FLASH_CACHE DEFAULT CELL_FLASH_CACHE DEFAULT)
  TABLESPACE "SYSTEM"  ENABLE;
--------------------------------------------------------
--  Ref Constraints for Table TALEPBILGI
--------------------------------------------------------

  ALTER TABLE "SYSTEM"."TALEPBILGI" ADD CONSTRAINT "TALEPBILGI_FK" FOREIGN KEY ("TCNO")
	  REFERENCES "SYSTEM"."KULLANICILAR" ("TCNO") ENABLE;
